Position,Company,City,Active,Applicants,Type
Technology Recruiter,GQR Global Markets,Greater Sydney Area,Actively recruiting,Easy Apply,
Senior Recruiter,xrecruiter,"Sydney, New South Wales, Australia",Actively recruiting,Easy Apply,Remote
Internal Recruiter,UGL,"North Shore, New South Wales, Australia",Actively recruiting,4 applicants,On-site
Recruiter,Gartner,"North Sydney, New South Wales, Australia",,,On-site
Senior Talent Acquisition Specialist,Salt,"Brisbane, Queensland, Australia",Actively recruiting,Easy Apply,Hybrid
Technical Recruiter,Logical,"Melbourne, Victoria, Australia",Actively recruiting,Easy Apply,Hybrid
Recruitment Resourcer,Titan Recruitment,"Perth, Western Australia, Australia",,15 applicants,On-site
Human Resources/Payroll Officer,CurtainWorld,Greater Perth Area,,21 applicants,On-site
Recruitment system SME,Macquarie Group,"Sydney, New South Wales, Australia",,,On-site
Manager - Engineering Recruitment,Six Degrees Executive,"Brisbane, Queensland, Australia",Actively recruiting,5 applicants,Hybrid
Talent Acquisition Partner,Engineers Australia,"Melbourne, Victoria, Australia",Actively recruiting,,Hybrid
Sales Executive,Keen Education Furniture,"Mile End, South Australia, Australia",,3 applicants,On-site
Recruitment Manager,Local Government Appointments,Greater Sydney Area,,23 applicants,On-site
Recruiter,Hazeldenes,"Bendigo, Victoria, Australia",Actively recruiting,Easy Apply,On-site
Specialist Recruitment Consultant,Adecco,"Sydney, New South Wales, Australia",,20 applicants,On-site
Talent Acquisition Partner,Northern Health,"Melbourne, Victoria, Australia",,,On-site
"Senior Recruiter, APAC",Dimensional Fund Advisors,"Sydney, New South Wales, Australia",Actively recruiting,,Hybrid
Account Executive - Workplace Solutions,Gow-Gates Group,"Sydney, New South Wales, Australia",Actively recruiting,Easy Apply,Hybrid
Talent Partner,Standards Australia,"Sydney, New South Wales, Australia",,,Hybrid
Recruitment Resourcer,Alchemy Recruitment Consulting,"Brisbane, Queensland, Australia",Actively recruiting,Easy Apply,On-site
Recruiter (Operations),ALDI Stores Australia,"Minchinbury, New South Wales, Australia",,,Hybrid
Talent Acquisition Partner,Engineers Australia,"New South Wales, Australia",Actively recruiting,24 applicants,Hybrid
HR Administrative Officer - Recruitment,Holmesglen,"Chadstone, Victoria, Australia",,15 applicants,On-site
Sales Consultant,Group Real Estate,Greater Melbourne Area,,23 applicants,On-site
